{"theta0": 1.0252834318374369, "theta1": -0.6209591389634159, "max_mileage": 240000, "max_prices": 8290}